{"mip": true, "has_mipgap": true, "mipgap": 0.8393044622355863, "runtime_ms": 3603371.8979358673, "status": 9}