{"mip": true, "has_mipgap": true, "mipgap": 0.8396311703638489, "runtime_ms": 3602923.052072525, "status": 9}