{"mip": true, "has_mipgap": true, "mipgap": 0.8395059066812097, "runtime_ms": 3603091.3310050964, "status": 9}