{"mip": true, "has_mipgap": true, "mipgap": 0.8395931015289091, "runtime_ms": 3608996.3331222534, "status": 9}