{"mip": true, "has_mipgap": true, "mipgap": 0.9127760158690357, "runtime_ms": 3633352.465867996, "status": 9}