{"mip": true, "has_mipgap": true, "mipgap": 0.9127760158690357, "runtime_ms": 3603919.5609092712, "status": 9}