{"mip": true, "has_mipgap": true, "mipgap": 3.2405479990204643e-16, "runtime_ms": 316809.92889404297, "status": 2}