{"mip": true, "has_mipgap": true, "mipgap": 8.020727211245677e-16, "runtime_ms": 374094.4170951843, "status": 2}