{"mip": true, "has_mipgap": true, "mipgap": 3.2405479990204643e-16, "runtime_ms": 300101.4459133148, "status": 2}