{"mip": true, "has_mipgap": true, "mipgap": 3.7939149604670735e-16, "runtime_ms": 2674495.488882065, "status": 2}