{"mip": true, "has_mipgap": true, "mipgap": 6.826211988877393e-16, "runtime_ms": 153240.70501327515, "status": 2}