{"mip": true, "has_mipgap": true, "mipgap": 0.00983953127664945, "runtime_ms": 3613862.8339767456, "status": 9}