{"mip": true, "has_mipgap": true, "mipgap": 4.891179520200431e-16, "runtime_ms": 1439497.1280097961, "status": 2}