{"mip": true, "has_mipgap": true, "mipgap": 0.9425095379368037, "runtime_ms": 3600633.0828666687, "status": 9}