{"mip": true, "has_mipgap": true, "mipgap": 0.01159626405147666, "runtime_ms": 3600870.684862137, "status": 9}