{"mip": true, "has_mipgap": true, "mipgap": 3.63439720949863e-16, "runtime_ms": 12820.586919784546, "status": 2}