{"mip": true, "has_mipgap": true, "mipgap": 0.03334051738540057, "runtime_ms": 3612740.879058838, "status": 9}