{"mip": true, "has_mipgap": true, "mipgap": 2.6041919197941525e-16, "runtime_ms": 68269.09613609314, "status": 2}