{"mip": true, "has_mipgap": true, "mipgap": 0.9322180825032705, "runtime_ms": 3600164.0009880066, "status": 9}