{"mip": true, "has_mipgap": true, "mipgap": 5.016350063241432e-16, "runtime_ms": 606398.0870246887, "status": 2}