{"mip": true, "has_mipgap": true, "mipgap": 0.9127760158690357, "runtime_ms": 3600504.317045212, "status": 9}