{"mip": true, "has_mipgap": true, "mipgap": 0.0077576250794085784, "runtime_ms": 3600557.0199489594, "status": 9}