{"mip": true, "has_mipgap": true, "mipgap": 0.9127760158690357, "runtime_ms": 3602657.5961112976, "status": 9}