{"mip": true, "has_mipgap": true, "mipgap": 0.9127760158690357, "runtime_ms": 3631056.818008423, "status": 9}