{"mip": true, "has_mipgap": true, "mipgap": 0.9440272374749239, "runtime_ms": 3626229.306936264, "status": 9}