{"mip": true, "has_mipgap": true, "mipgap": 5.026814111493155e-16, "runtime_ms": 1199242.9339885712, "status": 2}