{"mip": true, "has_mipgap": true, "mipgap": 0.9425095379368037, "runtime_ms": 3602452.5578022003, "status": 9}