{"mip": true, "has_mipgap": true, "mipgap": 5.091462831143304e-16, "runtime_ms": 48694.53191757202, "status": 2}