{"mip": true, "has_mipgap": true, "mipgap": 0.8389532776085303, "runtime_ms": 3609177.6580810547, "status": 9}