{"mip": true, "has_mipgap": true, "mipgap": 0.8389724198451943, "runtime_ms": 3602891.95394516, "status": 9}