{"mip": true, "has_mipgap": true, "mipgap": 0.8388963139874452, "runtime_ms": 3603805.8621883392, "status": 9}