{"mip": true, "has_mipgap": true, "mipgap": 0.8388685102937921, "runtime_ms": 3605992.6381111145, "status": 9}