{"mip": true, "has_mipgap": true, "mipgap": 0.9322180825032705, "runtime_ms": 3600158.3909988403, "status": 9}