{"mip": true, "has_mipgap": true, "mipgap": 0.9304746477940963, "runtime_ms": 3600109.874010086, "status": 9}