{"mip": true, "has_mipgap": true, "mipgap": 1.3268323101228927e-16, "runtime_ms": 522793.1728363037, "status": 2}