{"mip": true, "has_mipgap": true, "mipgap": 1.3268323101228927e-16, "runtime_ms": 481756.0501098633, "status": 2}