{"mip": true, "has_mipgap": true, "mipgap": 8.020727211245677e-16, "runtime_ms": 371988.90209198, "status": 2}