{"mip": true, "has_mipgap": true, "mipgap": 5.091462831143304e-16, "runtime_ms": 48138.0820274353, "status": 2}