{"mip": true, "has_mipgap": true, "mipgap": 2.8315989988144187e-16, "runtime_ms": 47824.11193847656, "status": 2}