{"mip": true, "has_mipgap": true, "mipgap": 0.9425095379368037, "runtime_ms": 3609515.018939972, "status": 9}