{"mip": true, "has_mipgap": true, "mipgap": 5.091462831143304e-16, "runtime_ms": 53209.617137908936, "status": 2}