{"mip": true, "has_mipgap": true, "mipgap": 0.7034148409878033, "runtime_ms": 3600138.3090019226, "status": 9}