{"mip": true, "has_mipgap": true, "mipgap": 0.7036975359343359, "runtime_ms": 3605277.87399292, "status": 9}