{"mip": true, "has_mipgap": true, "mipgap": 0.9127760158690357, "runtime_ms": 3638762.2079849243, "status": 9}