{"mip": true, "has_mipgap": true, "mipgap": 0.911191983150939, "runtime_ms": 3603002.981901169, "status": 9}