{"mip": true, "has_mipgap": true, "mipgap": 0.9322180825032705, "runtime_ms": 3600164.022922516, "status": 9}