{"mip": true, "has_mipgap": true, "mipgap": 0.9127760158690355, "runtime_ms": 3603840.357065201, "status": 9}