{"mip": true, "has_mipgap": true, "mipgap": 0.9127760158690357, "runtime_ms": 3602098.466873169, "status": 9}