{"mip": true, "has_mipgap": true, "mipgap": 0.9322180825032705, "runtime_ms": 3600133.0721378326, "status": 9}