{"mip": true, "has_mipgap": true, "mipgap": 0.9440272374749239, "runtime_ms": 3602943.638086319, "status": 9}