{"mip": true, "has_mipgap": true, "mipgap": 0.839891231321702, "runtime_ms": 3604444.6771144867, "status": 9}