{"mip": true, "has_mipgap": true, "mipgap": 0.8389532740667994, "runtime_ms": 3601008.547067642, "status": 9}