{"mip": true, "has_mipgap": true, "mipgap": 0.9440272374749239, "runtime_ms": 3627804.0449619293, "status": 9}