{"mip": true, "has_mipgap": true, "mipgap": 0.7036474099219805, "runtime_ms": 3600938.4729862213, "status": 9}