{"mip": true, "has_mipgap": true, "mipgap": 0.6945650483404578, "runtime_ms": 3602294.2311763763, "status": 9}