{"mip": true, "has_mipgap": true, "mipgap": 0.9440272374036296, "runtime_ms": 3601808.233976364, "status": 9}