{"mip": true, "has_mipgap": true, "mipgap": 0.9440336284851426, "runtime_ms": 3621620.663166046, "status": 9}