{"mip": true, "has_mipgap": true, "mipgap": 3.63439720949863e-16, "runtime_ms": 9701.469898223877, "status": 2}