{"E": ["Stubentor", "Neubaugasse", "Mitte-Landstraße", "Simmering", "Stephansplatz", "Oberlaa", "Ottakring", "Schwedenplatz"], "EA": [[0.0, 2.4332462508755826, 0.33921252129904433, 5.051701391408158, 0.6512544352159455, 7.332074926853051, 5.113453649528298, 0.5496240029949608], [2.4332462508755826, 0.0, 2.6904069537579742, 6.047343012721973, 1.9290192734018097, 7.212919531174771, 3.238027711300902, 2.540085556482075], [0.33921252129904433, 2.6904069537579742, 0.0, 4.776773372775181, 0.9876435670516617, 7.164022302045012, 5.44400895452026, 0.8052210118477492], [5.051701391408158, 6.047343012721973, 4.776773372775181, 0.0, 5.53987981589301, 3.4399217037187166, 9.282539196099197, 5.579721512735344], [0.6512544352159455, 1.9290192734018097, 0.9876435670516617, 5.53987981589301, 0.0, 7.597375297358043, 4.464272801285123, 0.6139291394842991], [7.332074926853051, 7.212919531174771, 7.164022302045012, 3.4399217037187166, 7.597375297358043, 0.0, 10.119734738397405, 7.87735914427567], [5.113453649528298, 3.238027711300902, 5.44400895452026, 9.282539196099197, 4.464272801285123, 10.119734738397405, 0.0, 4.907135274708114], [0.5496240029949608, 2.540085556482075, 0.8052210118477492, 5.579721512735344, 0.6139291394842991, 7.87735914427567, 4.907135274708114, 0.0]], "SR": [["U3"], ["U3"], ["U3", "U4"], ["U3"], ["U1", "U3"], ["U1"], ["U3"], ["U4"]], "S": ["U1", "U3", "U4"], "SA": [[0.0, 0.0, 0.5, 0.0, 0.5, 1.0, 0.0, 1.0], [0.0, 0.0, 0.5, 0.0, 0.5, 1.0, 0.0, 1.0], [0.5, 0.5, 0.0, 0.5, 0.6666666666666666, 1.0, 0.5, 0.5], [0.0, 0.0, 0.5, 0.0, 0.5, 1.0, 0.0, 1.0], [0.5, 0.5, 0.6666666666666666, 0.5, 0.0, 0.5, 0.5, 1.0], [1.0, 1.0, 1.0, 1.0, 0.5, 0.0, 1.0, 1.0], [0.0, 0.0, 0.5, 0.0, 0.5, 1.0, 0.0, 1.0], [1.0, 1.0, 0.5, 1.0, 1.0, 1.0, 1.0, 0.0]]}