{"mip": true, "has_mipgap": true, "mipgap": 0.00983953127664945, "runtime_ms": 3615036.162853241, "status": 9}