{"mip": true, "has_mipgap": true, "mipgap": 2.405938919367074e-16, "runtime_ms": 1052105.964899063, "status": 2}