{"mip": true, "has_mipgap": true, "mipgap": 0.944026864567729, "runtime_ms": 3615986.7808818817, "status": 9}