{"mip": true, "has_mipgap": true, "mipgap": 0.9097546119303866, "runtime_ms": 3610701.0090351105, "status": 9}