{"mip": true, "has_mipgap": true, "mipgap": 0.9102264516739849, "runtime_ms": 3602825.9370326996, "status": 9}