{"mip": true, "has_mipgap": true, "mipgap": 0.9111920351646268, "runtime_ms": 3605132.2989463806, "status": 9}