{"mip": true, "has_mipgap": true, "mipgap": 0.9127760158690357, "runtime_ms": 3621095.593929291, "status": 9}