{"mip": true, "has_mipgap": true, "mipgap": 3.2405479990204643e-16, "runtime_ms": 263537.1949672699, "status": 2}