{"mip": true, "has_mipgap": true, "mipgap": 0.6998764776162533, "runtime_ms": 3602505.005121231, "status": 9}