{"mip": true, "has_mipgap": true, "mipgap": 0.7034724998971699, "runtime_ms": 3601510.3170871735, "status": 9}