{"mip": true, "has_mipgap": true, "mipgap": 0.9102264516739849, "runtime_ms": 3601305.583000183, "status": 9}