{"mip": true, "has_mipgap": true, "mipgap": 0.9102431570544443, "runtime_ms": 3606243.8130378723, "status": 9}