{"mip": true, "has_mipgap": true, "mipgap": 0.0077576250794085784, "runtime_ms": 3600341.3228988647, "status": 9}