{"mip": true, "has_mipgap": true, "mipgap": 0.9127760158690357, "runtime_ms": 3606372.7910518646, "status": 9}