{"mip": true, "has_mipgap": true, "mipgap": 0.9127760158690357, "runtime_ms": 3619926.654100418, "status": 9}