{"mip": true, "has_mipgap": true, "mipgap": 4.100109253367558e-16, "runtime_ms": 335358.93416404724, "status": 2}