{"mip": true, "has_mipgap": true, "mipgap": 4.100109253367558e-16, "runtime_ms": 258843.18089485168, "status": 2}