{"mip": true, "has_mipgap": true, "mipgap": 0.703639288089512, "runtime_ms": 3603478.2910346985, "status": 9}