{"mip": true, "has_mipgap": true, "mipgap": 0.7035201600553966, "runtime_ms": 3602010.462999344, "status": 9}