{"mip": true, "has_mipgap": true, "mipgap": 0.7035244791728251, "runtime_ms": 3600675.546169281, "status": 9}