{"mip": true, "has_mipgap": true, "mipgap": 0.69462280573337, "runtime_ms": 3601143.921136856, "status": 9}