{"mip": true, "has_mipgap": true, "mipgap": 2.1009254286238408e-16, "runtime_ms": 99547.85013198853, "status": 2}