{"mip": true, "has_mipgap": true, "mipgap": 4.891179520200431e-16, "runtime_ms": 1400152.0719528198, "status": 2}