{"mip": true, "has_mipgap": true, "mipgap": 3.2405479990204643e-16, "runtime_ms": 250903.7208557129, "status": 2}