{"mip": true, "has_mipgap": true, "mipgap": 0.9440272374036296, "runtime_ms": 3683025.776863098, "status": 9}