{"mip": true, "has_mipgap": true, "mipgap": 2.405938919367074e-16, "runtime_ms": 986472.430229187, "status": 2}