{"mip": true, "has_mipgap": true, "mipgap": 3.7647720447809023e-16, "runtime_ms": 103986.55700683594, "status": 2}