{"mip": true, "has_mipgap": true, "mipgap": 0.9440272374036296, "runtime_ms": 3662856.08792305, "status": 9}