{"mip": true, "has_mipgap": true, "mipgap": 3.7647720447809023e-16, "runtime_ms": 88059.39388275146, "status": 2}