{"mip": true, "has_mipgap": true, "mipgap": 0.9102264516739849, "runtime_ms": 3621041.576862335, "status": 9}