{"mip": true, "has_mipgap": true, "mipgap": 0.9103694899719708, "runtime_ms": 3625701.1280059814, "status": 9}