{"mip": true, "has_mipgap": true, "mipgap": 3.2405479990204643e-16, "runtime_ms": 297901.78394317627, "status": 2}