{"mip": true, "has_mipgap": true, "mipgap": 0.9451601251505238, "runtime_ms": 3600092.9749011993, "status": 9}