{"mip": true, "has_mipgap": true, "mipgap": 0.910165095126103, "runtime_ms": 3605243.9529895782, "status": 9}