{"mip": true, "has_mipgap": true, "mipgap": 0.9104200185532667, "runtime_ms": 3607958.67395401, "status": 9}