{"mip": true, "has_mipgap": true, "mipgap": 3.7632092614277546e-16, "runtime_ms": 331094.57302093506, "status": 2}