{"mip": true, "has_mipgap": true, "mipgap": 0.8400483917942825, "runtime_ms": 3606961.5800380707, "status": 9}