{"mip": true, "has_mipgap": true, "mipgap": 0.8389724198451943, "runtime_ms": 3602524.7008800507, "status": 9}