{"mip": true, "has_mipgap": true, "mipgap": 0.9322180825032705, "runtime_ms": 3600168.109893799, "status": 9}