{"mip": true, "has_mipgap": true, "mipgap": 6.826211988877393e-16, "runtime_ms": 138989.12501335144, "status": 2}