{"mip": true, "has_mipgap": true, "mipgap": 5.016350063241432e-16, "runtime_ms": 617790.1570796967, "status": 2}