{"mip": true, "has_mipgap": true, "mipgap": 3.8078465025456433e-16, "runtime_ms": 253356.42981529236, "status": 2}