{"mip": true, "has_mipgap": true, "mipgap": 0.9425095379368037, "runtime_ms": 3603602.05411911, "status": 9}