{"mip": true, "has_mipgap": true, "mipgap": 0.01159626405147666, "runtime_ms": 3600939.4810199738, "status": 9}