{"mip": true, "has_mipgap": true, "mipgap": 0.9104174514277911, "runtime_ms": 3616853.0559539795, "status": 9}