{"mip": true, "has_mipgap": true, "mipgap": 0.9101833357992613, "runtime_ms": 3607344.848871231, "status": 9}