{"mip": true, "has_mipgap": true, "mipgap": 2.8315989988144187e-16, "runtime_ms": 46194.49996948242, "status": 2}