{"mip": true, "has_mipgap": true, "mipgap": 5.091462831143304e-16, "runtime_ms": 43380.63287734985, "status": 2}