{"E": ["Boyhood (2014)", "Wet Hot American Summer (2001)", "Tortilla Soup (2001)", "Burn After Reading (2008)", "Lassiter (1984)", "Thief (1981)", "The Crew (2000)", "Easy Money (1983)", "Yamla Pagla Deewana (2011)", "The Mask (1994)"], "EA": [[0.0, 2.183074028946172, 2.312766148019098, 0.904260358203216, 2.892100385075884, 1.878535963870228, 3.0255043044485244, 2.587448671601757, 2.958581898871698, 1.0231668946831702], [2.183074028946172, 0.0, 0.36140050321820555, 1.6515781378268348, 0.7666113441041124, 0.9083222892501029, 0.9450542967115545, 0.40732897030705273, 0.8549797995449954, 1.943145054073714], [2.312766148019098, 0.36140050321820555, 0.0, 1.8993642687650647, 0.8985110922507217, 0.718520294434689, 1.0980744647445335, 0.4997443866309395, 0.9982316812310259, 2.2119578068730696], [0.904260358203216, 1.6515781378268348, 1.8993642687650647, 0.0, 2.237364571951704, 1.754287064040134, 2.3326049330135206, 2.015428366331343, 2.284172655146985, 0.342204925689081], [2.892100385075884, 0.7666113441041124, 0.8985110922507217, 2.237364571951704, 0.0, 1.6074303223434279, 0.20086033929980487, 0.4012108131760812, 0.10031597891178569, 2.474030787402489], [1.878535963870228, 0.9083222892501029, 0.718520294434689, 1.754287064040134, 1.6074303223434279, 0.0, 1.8038562267568814, 1.2062813396733616, 1.7056237154094693, 2.095861127301374], [3.0255043044485244, 0.9450542967115545, 1.0980744647445335, 2.3326049330135206, 0.20086033929980487, 1.8038562267568814, 0.0, 0.5991794725261864, 0.10055611186010084, 2.549856983333795], [2.587448671601757, 0.40732897030705273, 0.4997443866309395, 2.015428366331343, 0.4012108131760812, 1.2062813396733616, 0.5991794725261864, 0.0, 0.4999696705449948, 2.2871423945502056], [2.958581898871698, 0.8549797995449954, 0.9982316812310259, 2.284172655146985, 0.10031597891178569, 1.7056237154094693, 0.10055611186010084, 0.4999696705449948, 0.0, 2.5111823373077953], [1.0231668946831702, 1.943145054073714, 2.2119578068730696, 0.342204925689081, 2.474030787402489, 2.095861127301374, 2.549856983333795, 2.2871423945502056, 2.5111823373077953, 0.0]], "SR": [["Drama"], ["Comedy", "Romance"], ["Comedy", "Drama", "Romance"], ["Crime", "Comedy", "Drama"], ["Crime", "Action", "Drama"], ["Crime", "Action", "Drama"], ["Crime", "Comedy"], ["Comedy"], ["Action", "Comedy", "Drama"], ["Crime", "Action", "Comedy"]], "S": ["Crime", "Comedy", "Drama", "Action", "Romance"], "SA": [[0.0, 1.0, 0.6666666666666666, 0.6666666666666666, 0.6666666666666666, 0.6666666666666666, 1.0, 1.0, 0.6666666666666666, 1.0], [1.0, 0.0, 0.3333333333333333, 0.75, 1.0, 1.0, 0.6666666666666666, 0.5, 0.75, 0.75], [0.6666666666666666, 0.3333333333333333, 0.0, 0.5, 0.8, 0.8, 0.75, 0.6666666666666666, 0.5, 0.8], [0.6666666666666666, 0.75, 0.5, 0.0, 0.5, 0.5, 0.3333333333333333, 0.6666666666666666, 0.5, 0.5], [0.6666666666666666, 1.0, 0.8, 0.5, 0.0, 0.0, 0.75, 1.0, 0.5, 0.5], [0.6666666666666666, 1.0, 0.8, 0.5, 0.0, 0.0, 0.75, 1.0, 0.5, 0.5], [1.0, 0.6666666666666666, 0.75, 0.3333333333333333, 0.75, 0.75, 0.0, 0.5, 0.75, 0.3333333333333333], [1.0, 0.5, 0.6666666666666666, 0.6666666666666666, 1.0, 1.0, 0.5, 0.0, 0.6666666666666666, 0.6666666666666666], [0.6666666666666666, 0.75, 0.5, 0.5, 0.5, 0.5, 0.75, 0.6666666666666666, 0.0, 0.5], [1.0, 0.75, 0.8, 0.5, 0.5, 0.5, 0.3333333333333333, 0.6666666666666666, 0.5, 0.0]]}