{"mip": true, "has_mipgap": true, "mipgap": 0.8398437601567103, "runtime_ms": 3607564.6290779114, "status": 9}