{"mip": true, "has_mipgap": true, "mipgap": 0.8398483354282791, "runtime_ms": 3604014.7500038147, "status": 9}