{"mip": true, "has_mipgap": true, "mipgap": 0.9127760158690357, "runtime_ms": 3610281.0978889465, "status": 9}