{"mip": true, "has_mipgap": true, "mipgap": 0.9127760158690357, "runtime_ms": 3612476.786136627, "status": 9}