{"mip": true, "has_mipgap": true, "mipgap": 5.376175332964013e-16, "runtime_ms": 80603.0809879303, "status": 2}