{"mip": true, "has_mipgap": true, "mipgap": 0.8396443847202472, "runtime_ms": 3601162.5258922577, "status": 9}