{"mip": true, "has_mipgap": true, "mipgap": 0.8389724198451928, "runtime_ms": 3608062.1638298035, "status": 9}