{"mip": true, "has_mipgap": true, "mipgap": 2.6041919197941525e-16, "runtime_ms": 76412.34302520752, "status": 2}