{"mip": true, "has_mipgap": true, "mipgap": 0.03334051738540057, "runtime_ms": 3613987.96916008, "status": 9}