{"mip": true, "has_mipgap": true, "mipgap": 3.8078465025456433e-16, "runtime_ms": 336829.4360637665, "status": 2}