{"mip": true, "has_mipgap": true, "mipgap": 0.910369719957845, "runtime_ms": 3612903.1670093536, "status": 9}