{"mip": true, "has_mipgap": true, "mipgap": 0.9097158981337246, "runtime_ms": 3611485.053062439, "status": 9}