{"mip": true, "has_mipgap": true, "mipgap": 0.7035316630810944, "runtime_ms": 3605415.9569740295, "status": 9}