{"mip": true, "has_mipgap": true, "mipgap": 0.699700545168694, "runtime_ms": 3601211.3490104675, "status": 9}