{"mip": true, "has_mipgap": true, "mipgap": 0.9104408804468929, "runtime_ms": 3626548.2909679413, "status": 9}