{"mip": true, "has_mipgap": true, "mipgap": 0.9103694899719714, "runtime_ms": 3611532.644033432, "status": 9}