{"mip": true, "has_mipgap": true, "mipgap": 0.9425095379368037, "runtime_ms": 3608260.4122161865, "status": 9}