{"mip": true, "has_mipgap": true, "mipgap": 2.1009254286238408e-16, "runtime_ms": 101164.87407684326, "status": 2}