{"mip": true, "has_mipgap": true, "mipgap": 0.7035343782695261, "runtime_ms": 3604572.424888611, "status": 9}