{"mip": true, "has_mipgap": true, "mipgap": 0.7021547746599325, "runtime_ms": 3601117.092847824, "status": 9}