{"mip": true, "has_mipgap": true, "mipgap": 0.7036443360492479, "runtime_ms": 3600282.939195633, "status": 9}