{"mip": true, "has_mipgap": true, "mipgap": 0.6998145992438951, "runtime_ms": 3601997.001886368, "status": 9}