{"mip": true, "has_mipgap": true, "mipgap": 0.9451601251505238, "runtime_ms": 3600089.0040397644, "status": 9}