{"mip": true, "has_mipgap": true, "mipgap": 8.378720724894636e-16, "runtime_ms": 1511013.9589309692, "status": 2}