{"mip": true, "has_mipgap": true, "mipgap": 5.091462831143304e-16, "runtime_ms": 60543.238162994385, "status": 2}