{"mip": true, "has_mipgap": true, "mipgap": 3.7632092614277546e-16, "runtime_ms": 318945.2600479126, "status": 2}