{"mip": true, "has_mipgap": true, "mipgap": 0.9104200185532667, "runtime_ms": 3612950.0081539154, "status": 9}