{"mip": true, "has_mipgap": true, "mipgap": 0.9103694899719708, "runtime_ms": 3616404.6881198883, "status": 9}