{"mip": true, "has_mipgap": true, "mipgap": 5.376175332964013e-16, "runtime_ms": 136082.1659564972, "status": 2}